ID,Name,Restaurant
1,Sawyer Gray,1
2,Shawn Morris,1
3,Robin Brooks,1
4,Bailey Adams,2
5,Blake Ross,2
6,Morgan Foster,2
7,Toni Stone,2
8,Quinn Reed,2
9,Jesse Evans,2
10,Robin Brooks,3
11,Eli Anderson,3
12,Drew Fox,3
13,Morgan Diaz,3
14,Drew Knight,3
15,Kris Wallace,3
16,Remi Hughes,3
17,Blake Ryan,3
18,Jamie Cooper,3
19,Sydney Kelly,3
20,Jesse Evans,4
21,Cameron Ortiz,4
22,Rory Hall,4
23,Remi Hughes,4
24,Harper Mitchell,5
25,Alexis Bryant,5
26,Morgan Foster,5
27,Reagan Howard,6
28,Rowan Phillips,6
29,Harper Mitchell,6
30,Kris Wallace,6
31,Riley Turner,6
32,Sawyer Gray,6
33,Jamie Cooper,6
34,Dylan Bailey,6
35,Eli Anderson,6
36,Shawn Ellis,7
37,River Lane,7
38,Dylan Bailey,7
39,Bailey Adams,7
40,Alex Morgan,7
41,Jamie Lee,7
42,Robin Brooks,7
43,Shawn Ellis,7
44,Sawyer Gray,7
45,Sam Taylor,7
46,Morgan Diaz,8
47,Charlie Kim,8
48,Reese Parker,8
49,Dylan Bailey,8
50,Sawyer Gray,8
51,Charlie Kim,8
52,Charlie Edwards,8
53,Reese Parker,8
54,Robin Murphy,8
55,Skylar Simmons,9
56,Alex Taylor,9
57,Quinn Reed,9
58,Jamie Lee,9
59,Shawn Ellis,9
60,Chris Francis,9
61,Shawn Ellis,9
62,Dakota Hunter,9
63,Sawyer Gray,9
64,Skylar Simmons,10
65,Rory Hall,10
66,Harper Mitchell,10
67,Quinn Jenkins,10
68,Reese Parker,10
69,Rory Hall,11
70,Reagan Howard,11
71,Blake Ross,11
72,Sawyer Gray,11
73,Blake Ryan,12
74,Taylor Young,12
75,Jamie Cooper,12
76,Sydney Kelly,12
77,Devon Coleman,12
78,Casey Rivera,13
79,Blake Ross,13
80,Charlie Kim,13
81,Jamie Cooper,13
82,Dakota Hunter,13
83,Rowan Phillips,13
84,Riley Turner,13
85,Jordan Scott,13
86,Shawn Ellis,13
87,Chris Francis,13
88,Reese Parker,14
89,Drew Knight,14
90,Charlie Kim,14
91,Blake Ryan,15
92,Shawn Ellis,15
93,Charlie Edwards,15
94,Toni Stone,15
95,Sam King,15
96,Drew Fox,15
97,Eli Anderson,16
98,Robin Murphy,16
99,Morgan Foster,16
100,Shawn Ellis,16
101,Alexis Bryant,16
102,Riley Turner,16
103,Bailey Adams,16
104,Kris Wallace,16
105,Blake Ryan,17
106,Blake Ross,17
107,Jamie Lee,17
108,Avery Green,17
109,Taylor Cruz,17
110,Bailey Adams,17
111,Eli Anderson,17
112,Quinn Jenkins,17
113,Reagan Howard,18
114,Avery Green,18
115,Taylor Cruz,18
116,Taylor Young,18
117,Drew Fox,18
118,Dylan Bailey,18
119,Riley Turner,18
120,Quinn Reed,18
121,Riley Turner,18
122,Casey Rivera,18
123,Robin Brooks,19
124,Drew Fox,19
125,Eli Anderson,19
126,Jordan Patel,19
127,Dylan Bailey,19
128,Drew Knight,19
129,Morgan Foster,19
130,Rowan Phillips,19
131,River Lane,20
132,Rory Hall,20
133,Rory Hall,20
134,Casey Rivera,20
135,Kris Wallace,20
136,Cameron Ortiz,20
137,Taylor Cruz,20
138,Alex Taylor,20
139,Charlie Edwards,20
140,Dakota Hunter,21
141,Drew Fox,21
142,Kris Wallace,21
143,Taylor Young,21
144,Blake Ross,21
145,Sam Taylor,21
146,Harper Mitchell,21
147,Charlie Kim,21
148,Dakota Hunter,21
149,Jesse Perry,21
150,Alex Taylor,22
151,Rowan Phillips,22
152,Charlie Kim,22
153,Drew Fox,22
154,Blake Ross,22
155,Eli Anderson,22
156,Kris Wallace,22
157,Skylar Simmons,23
158,Harper Mitchell,23
159,Jordan Scott,23
160,Drew Fox,23
161,Riley Turner,23
162,River Lane,23
163,Charlie Edwards,23
164,Dakota Hunter,24
165,Taylor Cruz,24
166,Jordan Scott,24
167,Taylor Cruz,24
168,Robin Murphy,24
169,Quinn Reed,24
170,Jesse Evans,24
171,Jordan Patel,24
172,Kris Wallace,24
173,Charlie Kim,24
174,Bailey Adams,25
175,Robin Brooks,25
176,Alex Morgan,25
177,Devon Coleman,25
178,Jordan Scott,25
179,Jamie Lee,25
180,Shawn Morris,26
181,Sawyer Gray,26
182,Rowan Phillips,26
183,Alex Morgan,26
184,Morgan Blake,26
185,Quinn Jenkins,26
186,Casey Rivera,26
187,Robin Brooks,26
188,Jordan Scott,26
189,Quinn Reed,27
190,Dylan Bailey,27
191,Cameron Ortiz,27
192,Morgan Diaz,27
193,Cameron Ortiz,28
194,Alex Morgan,28
195,Sam King,28
196,Alexis Bryant,28
197,Alex Morgan,28
198,Rowan Phillips,28
199,Alexis Bryant,28
200,Robin Brooks,29
201,Blake Ross,29
202,Quinn Reed,29
203,Taylor Young,29
204,Drew Fox,29
205,Charlie Kim,30
206,Sydney Kelly,30
207,Cameron Ortiz,30
208,Taylor Young,30
209,Reagan Howard,31
210,Alexis Bryant,31
211,Casey Rivera,31
212,Alexis Bryant,31
213,Quinn Jenkins,31
214,Jesse Perry,31
215,Blake Ross,31
216,Jamie Lee,31
217,River Lane,32
218,Taylor Cruz,32
219,Taylor Young,32
220,Jesse Evans,33
221,Reagan Howard,33
222,Jamie Lee,33
223,Remi Hughes,33
224,Taylor Cruz,33
225,Taylor Cruz,33
226,Rowan Phillips,33
227,Reese Parker,34
228,Blake Ross,34
229,Quinn Reed,34
230,Harper Mitchell,35
231,Drew Fox,35
232,Quinn Jenkins,35
233,Robin Murphy,35
234,Blake Ross,35
235,Reese Parker,35
236,Morgan Blake,35
237,Blake Ross,35
238,Jordan Scott,35
239,Remi Hughes,36
240,Alex Morgan,36
241,Rowan Phillips,36
242,Dakota Hunter,36
243,River Lane,36
244,Alex Taylor,36
245,Casey Rivera,36
246,Morgan Blake,37
247,Sam Taylor,37
248,Alexis Bryant,37
249,Toni Stone,37
250,Devon Coleman,38
251,Taylor Young,38
252,Reese Parker,38
253,Alex Taylor,38
254,River Lane,38
255,Reagan Howard,38
256,Jamie Cooper,38
257,Dylan Bailey,38
258,Shawn Ellis,38
259,Eli Anderson,39
260,Alex Taylor,39
261,Alex Taylor,39
262,Dylan Bailey,39
263,Morgan Blake,39
264,Avery Green,39
265,Toni Stone,40
266,Reagan Howard,40
267,River Lane,40
268,Harper Mitchell,41
269,Drew Fox,41
270,Casey Rivera,41
271,Remi Hughes,41
272,Kris Wallace,41
273,Avery Green,41
274,Blake Ross,41
275,Alex Morgan,41
276,Drew Knight,41
277,Harper Mitchell,42
278,Rowan Phillips,42
279,Morgan Blake,42
280,Toni Stone,43
281,Skylar Simmons,43
282,Jordan Patel,43
283,Morgan Blake,44
284,Jamie Cooper,44
285,Drew Fox,44
286,Skylar Simmons,44
287,Jordan Patel,44
288,Charlie Edwards,44
289,Eli Anderson,45
290,Reagan Howard,45
291,Kris Wallace,45
292,Jordan Scott,45
293,Harper Mitchell,45
294,Blake Ryan,45
295,Quinn Jenkins,45
296,Toni Stone,46
297,Harper Mitchell,46
298,Blake Ryan,46
299,Robin Murphy,46
300,Dakota Hunter,47
301,Sam King,47
302,Jamie Cooper,47
303,Charlie Kim,47
304,Jesse Perry,47
305,Charlie Kim,47
306,Drew Fox,47
307,Sydney Kelly,47
308,Skylar Simmons,47
309,Blake Ryan,47
310,Charlie Edwards,48
311,Morgan Blake,48
312,Charlie Edwards,48
313,Blake Ryan,48
314,Reagan Howard,48
315,Alex Taylor,48
316,Drew Knight,48
317,Blake Ryan,49
318,Quinn Reed,49
319,Harper Mitchell,49
320,Taylor Young,49
321,Dylan Bailey,49
322,River Lane,49
323,Bailey Adams,49
324,Taylor Young,49
325,Quinn Reed,49
326,Charlie Edwards,49
327,Sam Taylor,50
328,Taylor Cruz,50
329,Shawn Ellis,50
330,Quinn Jenkins,50
331,Avery Green,50
332,Bailey Adams,50
333,Charlie Edwards,50
334,Bailey Adams,50
335,Remi Hughes,51
336,Sydney Kelly,51
337,Remi Hughes,51
338,Chris Francis,51
339,Drew Fox,51
340,Alexis Bryant,51
341,Harper Mitchell,51
342,Reagan Howard,52
343,Sawyer Gray,52
344,Charlie Kim,52
345,Taylor Cruz,53
346,Taylor Cruz,53
347,Shawn Ellis,53
348,Robin Murphy,53
349,Sawyer Gray,53
350,Robin Brooks,53
351,Robin Brooks,53
352,Jesse Perry,53
353,Alexis Bryant,53
354,Jesse Evans,54
355,Morgan Blake,54
356,Rowan Phillips,54
357,Robin Brooks,54
358,Jesse Perry,54
359,Robin Murphy,54
360,Devon Coleman,54
361,Alex Taylor,54
362,Morgan Diaz,54
363,Sam King,54
364,Dylan Bailey,55
365,Sydney Kelly,55
366,Jordan Patel,55
367,Jordan Scott,55
368,Dakota Hunter,55
369,Reese Parker,55
370,Morgan Diaz,55
371,Jesse Perry,55
372,Morgan Foster,55
373,Sawyer Gray,55
374,Jesse Perry,56
375,Morgan Blake,56
376,Alexis Bryant,56
377,Morgan Diaz,56
378,Dakota Hunter,56
379,Charlie Kim,56
380,Morgan Diaz,56
381,Alex Morgan,56
382,Skylar Simmons,57
383,Dylan Bailey,57
384,Reese Parker,57
385,River Lane,57
386,Rowan Phillips,58
387,Jamie Cooper,58
388,Sam King,58
389,Cameron Ortiz,58
390,Reese Parker,58
391,Dakota Hunter,58
392,Drew Fox,58
393,Toni Stone,58
394,Drew Knight,59
395,Morgan Blake,59
396,Devon Coleman,59
397,Blake Ryan,59
398,Chris Francis,59
399,Shawn Morris,59
400,Casey Rivera,60
401,Harper Mitchell,60
402,Alex Morgan,60
403,River Lane,60
404,Alexis Bryant,60
405,Jordan Scott,60
406,Dylan Bailey,60
407,Sam King,60
408,Chris Francis,60
409,Robin Brooks,60
410,Blake Ryan,61
411,Jesse Perry,61
412,Rory Hall,61
413,Shawn Morris,61
414,Charlie Kim,61
415,Bailey Adams,61
416,Drew Knight,61
417,Skylar Simmons,61
418,Devon Coleman,62
419,Alexis Bryant,62
420,Sam King,62
421,Kris Wallace,62
422,Drew Knight,62
423,Jamie Cooper,62
424,Sydney Kelly,62
425,Quinn Jenkins,63
426,Avery Green,63
427,Devon Coleman,63
428,Reese Parker,63
429,Cameron Ortiz,63
430,Jamie Lee,63
431,Jesse Evans,63
432,Kris Wallace,63
433,Dylan Bailey,63
434,Bailey Adams,64
435,Casey Rivera,64
436,Taylor Young,64
437,Sam Taylor,64
438,Avery Green,64
439,Reese Parker,65
440,Morgan Foster,65
441,Jesse Evans,65
442,Kris Wallace,65
443,Sydney Kelly,65
444,Alexis Bryant,65
445,Sawyer Gray,65
446,Shawn Morris,65
447,Alex Taylor,65
448,Alex Morgan,65
449,Riley Turner,66
450,Remi Hughes,66
451,Dakota Hunter,66
452,Alex Morgan,66
453,Skylar Simmons,67
454,Blake Ryan,67
455,Jesse Evans,67
456,Morgan Blake,67
457,Rory Hall,67
458,Drew Knight,67
459,Devon Coleman,67
460,Robin Murphy,67
461,Avery Green,67
462,Alex Taylor,68
463,Alex Morgan,68
464,Quinn Jenkins,68
465,Remi Hughes,68
466,Eli Anderson,68
467,Jamie Cooper,68
468,Jamie Cooper,68
469,Morgan Foster,68
470,Sam King,69
471,Sydney Kelly,69
472,Taylor Young,69
473,Bailey Adams,69
474,Jamie Lee,69
475,Sawyer Gray,69
476,Skylar Simmons,70
477,Taylor Cruz,70
478,Charlie Kim,70
479,River Lane,70
480,Sydney Kelly,71
481,Jamie Lee,71
482,Charlie Kim,71
483,Toni Stone,71
484,Avery Green,71
485,Robin Brooks,71
486,Quinn Reed,71
487,Taylor Cruz,71
488,Rowan Phillips,71
489,Sam King,71
490,Taylor Cruz,72
491,Drew Knight,72
492,Reese Parker,72
493,Chris Francis,72
494,Dakota Hunter,72
495,Harper Mitchell,72
496,Drew Knight,73
497,Remi Hughes,73
498,Alex Morgan,73
499,Jesse Evans,73
500,Sawyer Gray,73
501,Dylan Bailey,73
502,Dakota Hunter,73
503,Charlie Edwards,74
504,Rowan Phillips,74
505,Morgan Diaz,74
506,Rowan Phillips,74
507,Rory Hall,74
508,River Lane,74
509,River Lane,74
510,Reagan Howard,75
511,Sam Taylor,75
512,Sydney Kelly,75
513,Riley Turner,75
514,Devon Coleman,76
515,Jordan Patel,76
516,Drew Knight,76
517,Charlie Kim,76
518,Sam Taylor,77
519,Blake Ryan,77
520,Taylor Young,77
521,Blake Ross,77
522,Taylor Young,77
523,Morgan Foster,77
524,Eli Anderson,77
525,Taylor Cruz,77
526,Jamie Cooper,78
527,Jamie Lee,78
528,Alex Taylor,78
529,Devon Coleman,78
530,Blake Ryan,78
531,Jamie Cooper,78
532,Charlie Edwards,78
533,Toni Stone,78
534,Rory Hall,78
535,Casey Rivera,78
536,Taylor Cruz,79
537,Dakota Hunter,79
538,Rory Hall,79
539,Quinn Reed,79
540,Drew Fox,79
541,Rowan Phillips,79
542,Drew Fox,79
543,Remi Hughes,79
544,Reagan Howard,80
545,Dylan Bailey,80
546,Jamie Cooper,80
547,Jamie Lee,80
548,Charlie Edwards,80
549,Jordan Patel,81
550,Charlie Edwards,81
551,Devon Coleman,81
552,Morgan Blake,81
553,Rowan Phillips,81
554,Charlie Kim,81
555,Alex Morgan,81
556,Reese Parker,81
557,Charlie Kim,81
558,Alex Morgan,81
559,River Lane,82
560,Charlie Edwards,82
561,Quinn Jenkins,82
562,Blake Ross,82
563,Rowan Phillips,82
564,Drew Knight,83
565,Drew Knight,83
566,Dakota Hunter,83
567,Taylor Young,83
568,Charlie Edwards,83
569,Rory Hall,83
570,Quinn Jenkins,83
571,Quinn Reed,84
572,Cameron Ortiz,84
573,Quinn Jenkins,84
574,Robin Brooks,84
575,Jesse Evans,84
576,River Lane,84
577,River Lane,84
578,Jordan Patel,84
579,Skylar Simmons,85
580,Taylor Young,85
581,River Lane,85
582,Drew Fox,85
583,Alex Taylor,85
584,Rowan Phillips,85
585,Devon Coleman,85
586,Jamie Lee,86
587,Robin Murphy,86
588,Alex Taylor,86
589,Sydney Kelly,86
590,Devon Coleman,86
591,Toni Stone,86
592,Harper Mitchell,87
593,Dylan Bailey,87
594,Bailey Adams,87
595,Dylan Bailey,87
596,Riley Turner,87
597,Rory Hall,87
598,Charlie Edwards,87
599,Avery Green,87
600,Blake Ryan,87
601,Quinn Reed,88
602,Blake Ross,88
603,Blake Ryan,88
604,Alexis Bryant,88
605,Alexis Bryant,88
606,Eli Anderson,88
607,Jesse Evans,88
608,Avery Green,88
609,Sawyer Gray,89
610,Jordan Patel,89
611,Charlie Edwards,89
612,River Lane,89
613,Charlie Edwards,89
614,Morgan Blake,89
615,Sawyer Gray,89
616,Alex Taylor,89
617,Avery Green,89
618,Jesse Evans,89
619,Sydney Kelly,90
620,Toni Stone,90
621,Taylor Young,90
622,Eli Anderson,90
623,Harper Mitchell,90
624,Casey Rivera,90
625,Drew Fox,91
626,Devon Coleman,91
627,Skylar Simmons,91
628,Sawyer Gray,92
629,Cameron Ortiz,92
630,Morgan Diaz,92
631,Robin Brooks,92
632,Morgan Foster,92
633,Bailey Adams,93
634,Quinn Jenkins,93
635,Quinn Jenkins,93
636,Jordan Scott,93
637,Blake Ross,93
638,Drew Knight,93
639,Alex Morgan,93
640,Riley Turner,94
641,Jordan Scott,94
642,Jordan Patel,94
643,Morgan Diaz,94
644,Morgan Blake,94
645,Jesse Evans,94
646,Taylor Cruz,94
647,Robin Brooks,94
648,Morgan Foster,94
649,Morgan Blake,94
650,Alex Taylor,95
651,Sawyer Gray,95
652,Taylor Young,95
653,Robin Murphy,95
654,Morgan Diaz,96
655,Eli Anderson,96
656,Charlie Kim,96
657,Morgan Foster,96
658,Jamie Cooper,96
659,Shawn Ellis,96
660,Devon Coleman,96
661,Jamie Cooper,96
662,Morgan Foster,97
663,Morgan Foster,97
664,Morgan Diaz,97
665,Reagan Howard,97
666,Skylar Simmons,97
667,Drew Fox,97
668,Chris Francis,98
669,Toni Stone,98
670,Robin Murphy,98
671,Alexis Bryant,98
672,Morgan Blake,98
673,Riley Turner,98
674,Blake Ryan,98
675,Skylar Simmons,98
676,Alex Taylor,99
677,Riley Turner,99
678,Charlie Kim,99
679,Taylor Young,99
680,Kris Wallace,99
681,Jesse Perry,99
682,Dakota Hunter,99
683,Charlie Kim,100
684,Charlie Kim,100
685,Sam King,100
686,Taylor Cruz,100
687,Robin Murphy,100
688,Reagan Howard,100
689,Blake Ross,100
690,Cameron Ortiz,100
691,River Lane,100
